<?xml version="1.0" encoding="UTF-8"?>
<PermissionSet xmlns="http://soap.sforce.com/2006/04/metadata">
    <classAccesses>
        <apexClass>KPI_Visits_Charts</apexClass>
        <enabled>true</enabled>
    </classAccesses>
    <classAccesses>
        <apexClass>Wrappers</apexClass>
        <enabled>true</enabled>
    </classAccesses>
    <customPermissions>
        <enabled>true</enabled>
        <name>visit_user_cp</name>
    </customPermissions>
    <hasActivationRequired>false</hasActivationRequired>
    <label>Visit user</label>
        <fieldPermissions>
        <editable>false</editable>
        <field>Visit_kpi__c.Month__c</field>
        <readable>true</readable>
    </fieldPermissions>
    <fieldPermissions>
        <editable>false</editable>
        <field>Visit_kpi__c.Month_visited_groups__c</field>
        <readable>true</readable>
    </fieldPermissions>
    <fieldPermissions>
        <editable>false</editable>
        <field>Visit_kpi__c.Organization_url__c</field>
        <readable>true</readable>
    </fieldPermissions>
    <fieldPermissions>
        <editable>false</editable>
        <field>Visit_kpi__c.Quarter__c</field>
        <readable>true</readable>
    </fieldPermissions>
    <fieldPermissions>
        <editable>false</editable>
        <field>Visit_kpi__c.Quarter_visited_groups__c</field>
        <readable>true</readable>
    </fieldPermissions>
    <fieldPermissions>
        <editable>false</editable>
        <field>Visit_kpi__c.Total_groups__c</field>
        <readable>true</readable>
    </fieldPermissions>
    <fieldPermissions>
        <editable>false</editable>
        <field>Visit_kpi__c.Year__c</field>
        <readable>true</readable>
    </fieldPermissions>
    <objectPermissions>
        <allowCreate>false</allowCreate>
        <allowDelete>false</allowDelete>
        <allowEdit>false</allowEdit>
        <allowRead>true</allowRead>
        <modifyAllRecords>false</modifyAllRecords>
        <object>Visit_kpi__c</object>
        <viewAllRecords>true</viewAllRecords>
    </objectPermissions>
    <tabSettings>
        <tab>Visits</tab>
        <visibility>Visible</visibility>
    </tabSettings>
</PermissionSet>
