<?xml version="1.0" encoding="UTF-8"?>
<CustomApplication xmlns="http://soap.sforce.com/2006/04/metadata">
    <actionOverrides>
        <actionName>Tab</actionName>
        <content>Packages_Overview</content>
        <formFactor>Large</formFactor>
        <skipRecordTypeSelect>false</skipRecordTypeSelect>
        <type>Flexipage</type>
        <pageOrSobjectType>standard-home</pageOrSobjectType>
    </actionOverrides>
    <brand>
        <headerColor>#0070D2</headerColor>
        <shouldOverrideOrgTheme>false</shouldOverrideOrgTheme>
    </brand>
    <formFactors>Small</formFactors>
    <formFactors>Large</formFactors>
    <isNavAutoTempTabsDisabled>false</isNavAutoTempTabsDisabled>
    <isNavPersonalizationDisabled>false</isNavPersonalizationDisabled>
    <isNavTabPersistenceDisabled>false</isNavTabPersistenceDisabled>
    <isOmniPinnedViewEnabled>false</isOmniPinnedViewEnabled>
    <label>KPI Componentes globales</label>
    <navType>Standard</navType>
    <tabs>standard-home</tabs>
    <tabs>Package__c</tabs>
    <tabs>Organization__c</tabs>
    <tabs>Asleep_user__c</tabs>
    <tabs>Visits</tabs>
    <tabs>Visit_kpi__c</tabs>
    <uiType>Lightning</uiType>
    <utilityBar>KPI_Global_components_UtilityBar</utilityBar>
</CustomApplication>
