<?xml version="1.0" encoding="UTF-8"?>
<CustomField xmlns="http://soap.sforce.com/2006/04/metadata">
    <fullName>Quarter__c</fullName>
    <label>Quarter</label>
    <required>false</required>
    <trackTrending>false</trackTrending>
    <type>Picklist</type>
    <valueSet>
        <valueSetDefinition>
            <sorted>false</sorted>
            <value>
                <fullName>Q1</fullName>
                <default>false</default>
                <label>Q1</label>
            </value>
            <value>
                <fullName>Q2</fullName>
                <default>false</default>
                <label>Q2</label>
            </value>
            <value>
                <fullName>Q3</fullName>
                <default>false</default>
                <label>Q3</label>
            </value>
            <value>
                <fullName>Q4</fullName>
                <default>false</default>
                <label>Q4</label>
            </value>
        </valueSetDefinition>
    </valueSet>
</CustomField>
