<?xml version="1.0" encoding="UTF-8"?>
<CustomLabels xmlns="http://soap.sforce.com/2006/04/metadata">
    <labels>
        <fullName>Chart_title</fullName>
        <categories>Sonda</categories>
        <language>en_US</language>
        <protected>false</protected>
        <shortDescription>Chart_title</shortDescription>
        <value>Organization users login frequency</value>
    </labels>
    <labels>
        <fullName>Sin_definir</fullName>
        <categories>Sonda</categories>
        <language>en_US</language>
        <protected>false</protected>
        <shortDescription>Sin_definir</shortDescription>
        <value>Sin definir</value>
    </labels>
    <labels>
        <fullName>For_2weeks</fullName>
        <categories>Sonda</categories>
        <language>en_US</language>
        <protected>false</protected>
        <shortDescription>For_2weeks</shortDescription>
        <value>for 2 weeks</value>
    </labels>
    <labels>
        <fullName>For_3days</fullName>
        <categories>Sonda</categories>
        <language>en_US</language>
        <protected>false</protected>
        <shortDescription>For_3days</shortDescription>
        <value>for 3 days</value>
    </labels>
    <labels>
        <fullName>For_3months</fullName>
        <categories>Sonda</categories>
        <language>en_US</language>
        <protected>false</protected>
        <shortDescription>For_3months</shortDescription>
        <value>for 3 months</value>
    </labels>
    <labels>
        <fullName>For_6months</fullName>
        <categories>Sonda</categories>
        <language>en_US</language>
        <protected>false</protected>
        <shortDescription>For_6months</shortDescription>
        <value>for 6 months</value>
    </labels>
    <labels>
        <fullName>For_month</fullName>
        <categories>Sonda</categories>
        <language>en_US</language>
        <protected>false</protected>
        <shortDescription>For_month</shortDescription>
        <value>for a month</value>
    </labels>
    <labels>
        <fullName>For_week</fullName>
        <categories>Sonda</categories>
        <language>en_US</language>
        <protected>false</protected>
        <shortDescription>For_week</shortDescription>
        <value>for a week</value>
    </labels>
    <labels>
        <fullName>For_year</fullName>
        <categories>Sonda</categories>
        <language>en_US</language>
        <protected>false</protected>
        <shortDescription>For_year</shortDescription>
        <value>for a year</value>
    </labels>
    <labels>
        <fullName>Full_text</fullName>
        <categories>Sonda</categories>
        <language>en_US</language>
        <protected>false</protected>
        <shortDescription>Full_text</shortDescription>
        <value>View full text on record page....</value>
    </labels>
    <labels>
        <fullName>Havent_logged</fullName>
        <categories>Sonda</categories>
        <language>en_US</language>
        <protected>false</protected>
        <shortDescription>Havent_logged</shortDescription>
        <value>Users that haven&apos;t logged in</value>
    </labels>
    <labels>
        <fullName>Havent_logged_title</fullName>
        <categories>Sonda</categories>
        <language>en_US</language>
        <protected>false</protected>
        <shortDescription>Havent_logged_title</shortDescription>
        <value>Users that haven&apos;t logged in</value>
    </labels>
    <labels>
        <fullName>High_when</fullName>
        <categories>Sonda</categories>
        <language>en_US</language>
        <protected>false</protected>
        <shortDescription>High_when</shortDescription>
        <value>High when more than</value>
    </labels>
    <labels>
        <fullName>In_2weeks</fullName>
        <categories>Sonda</categories>
        <language>en_US</language>
        <protected>false</protected>
        <shortDescription>In_2weeks</shortDescription>
        <value>in last 2 weeks</value>
    </labels>
    <labels>
        <fullName>In_3days</fullName>
        <categories>Sonda</categories>
        <language>en_US</language>
        <protected>false</protected>
        <shortDescription>In_3days</shortDescription>
        <value>in last 3 days</value>
    </labels>
    <labels>
        <fullName>In_3months</fullName>
        <categories>Sonda</categories>
        <language>en_US</language>
        <protected>false</protected>
        <shortDescription>In_3months</shortDescription>
        <value>in last 3 months</value>
    </labels>
    <labels>
        <fullName>In_6months</fullName>
        <categories>Sonda</categories>
        <language>en_US</language>
        <protected>false</protected>
        <shortDescription>In_6months</shortDescription>
        <value>in last 6 months</value>
    </labels>
    <labels>
        <fullName>In_month</fullName>
        <categories>Sonda</categories>
        <language>en_US</language>
        <protected>false</protected>
        <shortDescription>In_month</shortDescription>
        <value>in last month</value>
    </labels>
    <labels>
        <fullName>In_week</fullName>
        <categories>Sonda</categories>
        <language>en_US</language>
        <protected>false</protected>
        <shortDescription>In_week</shortDescription>
        <value>in last week</value>
    </labels>
    <labels>
        <fullName>In_year</fullName>
        <categories>Sonda</categories>
        <language>en_US</language>
        <protected>false</protected>
        <shortDescription>In_year</shortDescription>
        <value>in last year</value>
    </labels>
    <labels>
        <fullName>Login</fullName>
        <categories>Sonda</categories>
        <language>en_US</language>
        <protected>false</protected>
        <shortDescription>Login</shortDescription>
        <value>login</value>
    </labels>
    <labels>
        <fullName>Logins</fullName>
        <categories>Sonda</categories>
        <language>en_US</language>
        <protected>false</protected>
        <shortDescription>Logins</shortDescription>
        <value>logins</value>
    </labels>
    <labels>
        <fullName>Low_when</fullName>
        <categories>Sonda</categories>
        <language>en_US</language>
        <protected>false</protected>
        <shortDescription>Low_when</shortDescription>
        <value>Low when</value>
    </labels>
    <labels>
        <fullName>kpi_menu_detail</fullName>
        <categories>Sonda</categories>
        <language>en_US</language>
        <protected>false</protected>
        <shortDescription>kpi_menu_detail</shortDescription>
        <value>Most recent detail</value>
    </labels>
    <labels>
        <fullName>kpi_menu_user_list</fullName>
        <categories>Sonda</categories>
        <language>en_US</language>
        <protected>false</protected>
        <shortDescription>kpi_menu_user_list</shortDescription>
        <value>List of Users</value>
    </labels>
    <labels>
        <fullName>kpi_menu_view_full</fullName>
        <categories>Sonda</categories>
        <language>en_US</language>
        <protected>false</protected>
        <shortDescription>kpi_menu_view_full</shortDescription>
        <value>View Complete List</value>
    </labels>
    <labels>
        <fullName>kpi_search_by</fullName>
        <categories>Sonda</categories>
        <language>en_US</language>
        <protected>false</protected>
        <shortDescription>kpi_search_by</shortDescription>
        <value>Search by date</value>
    </labels>
    <labels>
        <fullName>Medium_when</fullName>
        <categories>Sonda</categories>
        <language>en_US</language>
        <protected>false</protected>
        <shortDescription>Medium_when</shortDescription>
        <value>Medium when</value>
    </labels>
    <labels>
        <fullName>No_data</fullName>
        <categories>Sonda</categories>
        <language>en_US</language>
        <protected>false</protected>
        <shortDescription>No_data</shortDescription>
        <value>No data to display</value>
    </labels>
    <labels>
        <fullName>Or</fullName>
        <categories>Sonda</categories>
        <language>en_US</language>
        <protected>false</protected>
        <shortDescription>Or</shortDescription>
        <value>or</value>
    </labels>
    <labels>
        <fullName>Packages_chart_title</fullName>
        <categories>Sonda</categories>
        <language>en_US</language>
        <protected>false</protected>
        <shortDescription>Packages_chart_title</shortDescription>
        <value>Installed and latest packages versions</value>
    </labels>
    <labels>
        <fullName>To</fullName>
        <categories>Sonda</categories>
        <language>en_US</language>
        <protected>false</protected>
        <shortDescription>To</shortDescription>
        <value>to</value>
    </labels>
    <labels>
        <fullName>Total</fullName>
        <categories>Sonda</categories>
        <language>en_US</language>
        <protected>false</protected>
        <shortDescription>Total</shortDescription>
        <value>Total</value>
    </labels>
    <labels>
        <fullName>Total_logins</fullName>
        <categories>Sonda</categories>
        <language>en_US</language>
        <protected>false</protected>
        <shortDescription>Total_logins</shortDescription>
        <value>Total logins</value>
    </labels>
    <labels>
        <fullName>Up2date</fullName>
        <categories>Sonda</categories>
        <language>en_US</language>
        <protected>false</protected>
        <shortDescription>Up2date</shortDescription>
        <value>Package is up to date</value>
    </labels>
    <labels>
        <fullName>UserFreq_chart_title</fullName>
        <categories>Sonda</categories>
        <language>en_US</language>
        <protected>false</protected>
        <shortDescription>UserFreq_chart_title</shortDescription>
        <value>User login frequency</value>
    </labels>
    <labels>
        <fullName>Yesterday</fullName>
        <categories>Sonda</categories>
        <language>en_US</language>
        <protected>false</protected>
        <shortDescription>Yesterday</shortDescription>
        <value>yesterday</value>
    </labels>
    <labels>
        <fullName>Error</fullName>
        <categories>Sonda</categories>
        <language>en_US</language>
        <protected>false</protected>
        <shortDescription>Error</shortDescription>
        <value>Error</value>
    </labels>
    <labels>
        <fullName>Error_message_date</fullName>
        <categories>Sonda</categories>
        <language>en_US</language>
        <protected>false</protected>
        <shortDescription>Error_message_date</shortDescription>
        <value>There has been an error retrieving reference date</value>
    </labels>
    <labels>
        <fullName>Error_message_report</fullName>
        <categories>Sonda</categories>
        <language>en_US</language>
        <protected>false</protected>
        <shortDescription>Error_message_report</shortDescription>
        <value>There has been an error retrieving report id</value>
    </labels>
    <labels>
        <fullName>Error_message_data</fullName>
        <categories>Sonda</categories>
        <language>en_US</language>
        <protected>false</protected>
        <shortDescription>Error_message_data</shortDescription>
        <value>There has been an error retrieving chart data</value>
    </labels>
    <labels>
        <fullName>Profile_chart_title</fullName>
        <categories>Sonda</categories>
        <language>en_US</language>
        <protected>false</protected>
        <shortDescription>Profile_chart_title</shortDescription>
        <value>Profiles:</value>
    </labels>
    <labels>
        <fullName>Segmentation_chart_title</fullName>
        <categories>Sonda</categories>
        <language>en_US</language>
        <protected>false</protected>
        <shortDescription>Segmentation_chart_title</shortDescription>
        <value>Segmentation:</value>
    </labels>
    <labels>
        <fullName>Geography_chart_title</fullName>
        <categories>Sonda</categories>
        <language>en_US</language>
        <protected>false</protected>
        <shortDescription>Geography_chart_title</shortDescription>
        <value>Geography:</value>
    </labels>
    <labels>
        <fullName>Segmentation_chart_title</fullName>
        <categories>Sonda</categories>
        <language>en_US</language>
        <protected>false</protected>
        <shortDescription>Segmentation_chart_title</shortDescription>
        <value>Segmentation:</value>
    </labels>
    <labels>
        <fullName>Status_active</fullName>
        <categories>Sonda</categories>
        <language>en_US</language>
        <protected>false</protected>
        <shortDescription>Status_active</shortDescription>
        <value>Active</value>
    </labels>
    <labels>
        <fullName>Status_never</fullName>
        <categories>Sonda</categories>
        <language>en_US</language>
        <protected>false</protected>
        <shortDescription>Status_never</shortDescription>
        <value>Never logged in</value>
    </labels>
    <labels>
        <fullName>Status_asleep</fullName>
        <categories>Sonda</categories>
        <language>en_US</language>
        <protected>false</protected>
        <shortDescription>Status_asleep</shortDescription>
        <value>Asleep</value>
    </labels>
    <labels>
        <fullName>VisitKpi_Average</fullName>
        <categories>Sonda</categories>
        <language>en_US</language>
        <protected>false</protected>
        <shortDescription>VisitKpi_Average</shortDescription>
        <value>Average</value>
    </labels>
    <labels>
        <fullName>VisitKpi_Q1</fullName>
        <categories>Sonda</categories>
        <language>en_US</language>
        <protected>false</protected>
        <shortDescription>VisitKpi_Q1</shortDescription>
        <value>Q1</value>
    </labels>
    <labels>
        <fullName>VisitKpi_Q2</fullName>
        <categories>Sonda</categories>
        <language>en_US</language>
        <protected>false</protected>
        <shortDescription>VisitKpi_Q2</shortDescription>
        <value>Q2</value>
    </labels>
    <labels>
        <fullName>VisitKpi_Q3</fullName>
        <categories>Sonda</categories>
        <language>en_US</language>
        <protected>false</protected>
        <shortDescription>VisitKpi_Q3</shortDescription>
        <value>Q3</value>
    </labels>
    <labels>
        <fullName>VisitKpi_Q4</fullName>
        <categories>Sonda</categories>
        <language>en_US</language>
        <protected>false</protected>
        <shortDescription>VisitKpi_Q4</shortDescription>
        <value>Q4</value>
    </labels>
    <labels>
        <fullName>VisitKpi_January</fullName>
        <categories>Sonda</categories>
        <language>en_US</language>
        <protected>false</protected>
        <shortDescription>VisitKpi_January</shortDescription>
        <value>January</value>
    </labels>
    <labels>
        <fullName>VisitKpi_February</fullName>
        <categories>Sonda</categories>
        <language>en_US</language>
        <protected>false</protected>
        <shortDescription>VisitKpi_February</shortDescription>
        <value>February</value>
    </labels>
    <labels>
        <fullName>VisitKpi_February</fullName>
        <categories>Sonda</categories>
        <language>en_US</language>
        <protected>false</protected>
        <shortDescription>VisitKpi_February</shortDescription>
        <value>February</value>
    </labels>
    <labels>
        <fullName>VisitKpi_March</fullName>
        <categories>Sonda</categories>
        <language>en_US</language>
        <protected>false</protected>
        <shortDescription>VisitKpi_March</shortDescription>
        <value>March</value>
    </labels>
    <labels>
        <fullName>VisitKpi_April</fullName>
        <categories>Sonda</categories>
        <language>en_US</language>
        <protected>false</protected>
        <shortDescription>VisitKpi_April</shortDescription>
        <value>April</value>
    </labels>
    <labels>
        <fullName>VisitKpi_May</fullName>
        <categories>Sonda</categories>
        <language>en_US</language>
        <protected>false</protected>
        <shortDescription>VisitKpi_May</shortDescription>
        <value>May</value>
    </labels>
    <labels>
        <fullName>VisitKpi_June</fullName>
        <categories>Sonda</categories>
        <language>en_US</language>
        <protected>false</protected>
        <shortDescription>VisitKpi_June</shortDescription>
        <value>June</value>
    </labels>
    <labels>
        <fullName>VisitKpi_July</fullName>
        <categories>Sonda</categories>
        <language>en_US</language>
        <protected>false</protected>
        <shortDescription>VisitKpi_July</shortDescription>
        <value>July</value>
    </labels>
    <labels>
        <fullName>VisitKpi_August</fullName>
        <categories>Sonda</categories>
        <language>en_US</language>
        <protected>false</protected>
        <shortDescription>VisitKpi_August</shortDescription>
        <value>August</value>
    </labels>
    <labels>
        <fullName>VisitKpi_September</fullName>
        <categories>Sonda</categories>
        <language>en_US</language>
        <protected>false</protected>
        <shortDescription>VisitKpi_September</shortDescription>
        <value>September</value>
    </labels>
    <labels>
        <fullName>VisitKpi_October</fullName>
        <categories>Sonda</categories>
        <language>en_US</language>
        <protected>false</protected>
        <shortDescription>VisitKpi_October</shortDescription>
        <value>October</value>
    </labels>
    <labels>
        <fullName>VisitKpi_November</fullName>
        <categories>Sonda</categories>
        <language>en_US</language>
        <protected>false</protected>
        <shortDescription>VisitKpi_November</shortDescription>
        <value>November</value>
    </labels>
    <labels>
        <fullName>VisitKpi_December</fullName>
        <categories>Sonda</categories>
        <language>en_US</language>
        <protected>false</protected>
        <shortDescription>VisitKpi_December</shortDescription>
        <value>December</value>
    </labels>
    <labels>
        <fullName>VisitKpi_Year</fullName>
        <categories>Sonda</categories>
        <language>en_US</language>
        <protected>false</protected>
        <shortDescription>VisitKpi_Year</shortDescription>
        <value>Year</value>
    </labels>
    <labels>
        <fullName>VisitKpi_Month</fullName>
        <categories>Sonda</categories>
        <language>en_US</language>
        <protected>false</protected>
        <shortDescription>VisitKpi_Month</shortDescription>
        <value>Month</value>
    </labels>
    <labels>
        <fullName>VisitKpi_Quarter</fullName>
        <categories>Sonda</categories>
        <language>en_US</language>
        <protected>false</protected>
        <shortDescription>VisitKpi_Quarter</shortDescription>
        <value>Quarter</value>
    </labels>
    <labels>
        <fullName>VisitKpi_Groups</fullName>
        <categories>Sonda</categories>
        <language>en_US</language>
        <protected>false</protected>
        <shortDescription>VisitKpi_Groups</shortDescription>
        <value>Groups</value>
    </labels>
    <labels>
        <fullName>VisitKpi_Visits</fullName>
        <categories>Sonda</categories>
        <language>en_US</language>
        <protected>false</protected>
        <shortDescription>VisitKpi_Visits</shortDescription>
        <value>Visits</value>
    </labels>
    <labels>
        <fullName>VisitKpi_Subtitle</fullName>
        <categories>Sonda</categories>
        <language>en_US</language>
        <protected>false</protected>
        <shortDescription>VisitKpi_Subtitle</shortDescription>
        <value>Completion by groups total</value>
    </labels>
    <labels>
        <fullName>VisitKpi_NoData</fullName>
        <categories>Sonda</categories>
        <language>en_US</language>
        <protected>false</protected>
        <shortDescription>VisitKpi_NoData</shortDescription>
        <value>No data to show</value>
    </labels>
    <labels>
        <fullName>VisitKpi_Monthly</fullName>
        <categories>Sonda</categories>
        <language>en_US</language>
        <protected>false</protected>
        <shortDescription>VisitKpi_Monthly</shortDescription>
        <value>Monthly visits</value>
    </labels>

</CustomLabels>
